Date,Date Value,High,Low,Open,Close,Volume,Adj Close
9/12/2018,43355,6.929999828,5.349999905,6,6.599999905,66849000,6.599999905
9/13/2018,43356,12.68999958,6.519999981,6.619999886,11.60000038,158346500,11.60000038
9/14/2018,43357,13.80000019,9.220000267,12.65999985,9.899999619,172473600,9.899999619
9/17/2018,43360,9.75,8.5,9.609999657,8.5,56323900,8.5
9/18/2018,43361,9.100000381,7.670000076,8.729999542,7.679999828,41827600,7.679999828
9/19/2018,43362,9.149999619,7.539999962,7.880000114,8.5,48306500,8.5
9/20/2018,43363,9.470000267,8.420000076,9.069999695,8.779999733,40275000,8.779999733
9/21/2018,43364,9.069999695,8.5,9.050000191,8.590000153,15118500,8.590000153
9/24/2018,43367,8.390000343,7.849999905,8.319999695,7.869999886,16297900,7.869999886
9/25/2018,43368,8.18999958,7.5,8.06000042,7.579999924,18909300,7.579999924
9/26/2018,43369,7.760000229,7.5,7.590000153,7.5,11088300,7.5
9/27/2018,43370,7.550000191,7.010000229,7.550000191,7.010000229,16815600,7.010000229
9/28/2018,43371,7.28000021,6.679999828,6.96999979,6.980000019,21813600,6.980000019
10/1/2018,43374,7.079999924,6.599999905,7.059999943,6.599999905,16429100,6.599999905
10/2/2018,43375,6.599999905,5.869999886,6.599999905,5.929999828,19440000,5.929999828
10/3/2018,43376,6.550000191,6.119999886,6.119999886,6.300000191,13251200,6.300000191
10/4/2018,43377,6.25,6,6.190000057,6.25,11896600,6.25
10/5/2018,43378,6.289999962,6.03000021,6.199999809,6.260000229,8378300,6.260000229
10/8/2018,43381,6.179999828,5.949999809,6.070000172,6.039999962,11508800,6.039999962
10/9/2018,43382,7.400000095,6.099999905,6.190000057,7.389999866,38464400,7.389999866
10/10/2018,43383,8.350000381,7.389999866,8.100000381,7.75,74971100,7.75
10/11/2018,43384,7.550000191,6.920000076,7.440000057,7.179999828,22730000,7.179999828
10/12/2018,43385,7.75,7.28000021,7.460000038,7.460000038,14545400,7.460000038
10/15/2018,43388,8.300000191,7.699999809,7.860000134,7.820000172,26781700,7.820000172
10/16/2018,43389,8.199999809,7.829999924,8.06000042,8.039999962,17490500,8.039999962
10/17/2018,43390,8.159999847,7.730000019,8.119999886,7.769999981,11705300,7.769999981
10/18/2018,43391,7.670000076,7.260000229,7.599999905,7.5,11906000,7.5
10/19/2018,43392,7.75,7.21999979,7.590000153,7.320000172,7336200,7.320000172
10/22/2018,43395,7.690000057,7,7.679999828,7.03000021,12758500,7.03000021
10/23/2018,43396,6.889999866,6.449999809,6.739999771,6.809999943,14901700,6.809999943
10/24/2018,43397,6.849999905,6.130000114,6.849999905,6.170000076,14789900,6.170000076
10/25/2018,43398,6.570000172,6.25,6.269999981,6.449999809,9188700,6.449999809
10/26/2018,43399,6.510000229,6.179999828,6.210000038,6.349999905,9459000,6.349999905
10/29/2018,43402,6.789999962,6.050000191,6.53000021,6.190000057,16027600,6.190000057
10/30/2018,43403,6.21999979,5.619999886,6.199999809,5.949999809,21823900,5.949999809
10/31/2018,43404,6.25,5.900000095,6.079999924,5.900000095,15213400,5.900000095
11/1/2018,43405,6.78000021,5.960000038,6,6.619999886,24330900,6.619999886
11/2/2018,43406,6.840000153,6.269999981,6.840000153,6.489999771,17988800,6.489999771
11/5/2018,43409,6.71999979,6.25,6.519999981,6.679999828,13188700,6.679999828
11/6/2018,43410,7.320000172,6.400000095,7.21999979,6.400000095,49855800,6.400000095
11/7/2018,43411,6.880000114,6.150000095,6.420000076,6.739999771,23761800,6.739999771
11/8/2018,43412,7.099999905,6.46999979,6.489999771,6.690000057,20510700,6.690000057
11/9/2018,43413,6.929999828,6.519999981,6.590000153,6.769999981,12789800,6.769999981
11/12/2018,43416,6.929999828,6.559999943,6.71999979,6.650000095,12709100,6.650000095
11/13/2018,43417,6.900000095,6.579999924,6.690000057,6.78000021,15374100,6.78000021
11/14/2018,43418,7.449999809,6.800000191,6.800000191,7.099999905,29585100,7.099999905
11/15/2018,43419,7.489999771,7.110000134,7.150000095,7.340000153,17904000,7.340000153
11/16/2018,43420,7.650000095,7.159999847,7.400000095,7.190000057,14972500,7.190000057
11/19/2018,43423,8.210000038,7.28000021,7.380000114,7.840000153,49171800,7.840000153
11/20/2018,43424,7.909999847,7.150000095,7.650000095,7.670000076,26923200,7.670000076
11/21/2018,43425,8.050000191,7.630000114,7.900000095,7.710000038,13993600,7.710000038
11/23/2018,43427,7.699999809,7.409999847,7.679999828,7.460000038,8119700,7.460000038
11/26/2018,43430,7.630000114,7.159999847,7.610000134,7.369999886,12164900,7.369999886
11/27/2018,43431,7.699999809,7.230000019,7.300000191,7.480000019,9084900,7.480000019
11/28/2018,43432,8.149999619,7.599999905,7.599999905,8.119999886,22096900,8.119999886
11/29/2018,43433,8.119999886,7.760000229,8.06000042,7.789999962,13207600,7.789999962
11/30/2018,43434,8,7.679999828,7.800000191,7.710000038,10994700,7.710000038
12/3/2018,43437,8.130000114,7.5,8.100000381,7.579999924,22425400,7.579999924
12/4/2018,43438,7.639999866,7.050000191,7.599999905,7.079999924,19624700,7.079999924
12/6/2018,43440,7.369999886,6.71999979,6.860000134,7.369999886,16688100,7.369999886
12/7/2018,43441,7.380000114,6.960000038,7.360000134,6.989999771,11576200,6.989999771
12/10/2018,43444,7.119999886,6.739999771,7.03000021,7.03000021,9981000,7.03000021
12/11/2018,43445,7.199999809,6.920000076,7.079999924,7.079999924,8095700,7.079999924
12/12/2018,43446,7.550000191,7.119999886,7.199999809,7.539999962,16007500,7.539999962
12/13/2018,43447,7.900000095,7.260000229,7.550000191,7.75,14980900,7.75
12/14/2018,43448,7.889999866,7.400000095,7.53000021,7.699999809,10773600,7.699999809
12/17/2018,43451,7.639999866,6.960000038,7.630000114,7.03000021,18132800,7.03000021
12/18/2018,43452,7.190000057,6.840000153,7.03000021,7.070000172,10685800,7.070000172
12/19/2018,43453,7.150000095,6.800000191,7.010000229,6.829999924,9299700,6.829999924
12/20/2018,43454,6.920000076,6.329999924,6.820000172,6.519999981,12080000,6.519999981
12/21/2018,43455,6.650000095,6.059999943,6.53000021,6.070000172,13598300,6.070000172
12/24/2018,43458,6.119999886,5.840000153,6,5.920000076,8835800,5.920000076
12/26/2018,43460,6.369999886,5.960000038,6.110000134,6.360000134,9912300,6.360000134
12/27/2018,43461,6.449999809,6.03000021,6.170000076,6.429999828,8531900,6.429999828
12/28/2018,43462,6.559999943,6.300000191,6.5,6.46999979,7996500,6.46999979
12/31/2018,43465,6.570000172,6.210000038,6.559999943,6.369999886,8667400,6.369999886
1/2/2019,43467,6.239999771,6,6.130000114,6.199999809,8823600,6.199999809
1/3/2019,43468,6.150000095,6.019999981,6.099999905,6.050000191,7562900,6.050000191
1/4/2019,43469,6.400000095,6.130000114,6.190000057,6.360000134,9405600,6.360000134
1/7/2019,43472,6.590000153,6.309999943,6.409999847,6.5,9709000,6.5
1/8/2019,43473,6.579999924,6.170000076,6.570000172,6.400000095,9603800,6.400000095
1/9/2019,43474,6.690000057,6.349999905,6.409999847,6.630000114,11489900,6.630000114
1/10/2019,43475,6.730000019,6.409999847,6.630000114,6.659999847,11221100,6.659999847
1/11/2019,43476,6.619999886,6.480000019,6.5,6.590000153,6902300,6.590000153
1/14/2019,43479,7.150000095,6.369999886,6.510000229,6.800000191,19454100,6.800000191
1/15/2019,43480,7.070000172,6.75,6.849999905,6.820000172,12633000,6.820000172
1/16/2019,43481,6.900000095,6.679999828,6.800000191,6.710000038,6941200,6.710000038
1/17/2019,43482,6.880000114,6.53000021,6.699999809,6.809999943,8508900,6.809999943
1/18/2019,43483,6.909999847,6.679999828,6.889999866,6.710000038,9240900,6.710000038
1/22/2019,43487,6.670000076,6.510000229,6.630000114,6.570000172,6379600,6.570000172
1/23/2019,43488,6.789999962,6.46999979,6.630000114,6.550000191,5686000,6.550000191
1/24/2019,43489,6.75,6.46999979,6.46999979,6.579999924,5920000,6.579999924
1/25/2019,43490,6.78000021,6.599999905,6.650000095,6.650000095,6723600,6.650000095
1/28/2019,43493,6.679999828,6.480000019,6.559999943,6.670000076,5111000,6.670000076
1/29/2019,43494,6.96999979,6.639999866,6.679999828,6.940000057,14200100,6.940000057
1/30/2019,43495,7.550000191,6.920000076,6.940000057,7.460000038,28775000,7.460000038
1/31/2019,43496,7.889999866,7.400000095,7.400000095,7.880000114,21233900,7.880000114
2/1/2019,43497,8.109999657,7.679999828,7.849999905,7.900000095,20788800,7.900000095
2/4/2019,43500,7.980000019,7.739999771,7.960000038,7.849999905,8585300,7.849999905
2/5/2019,43501,7.960000038,7.610000134,7.710000038,7.880000114,9029900,7.880000114
2/6/2019,43502,8.590000153,7.829999924,7.949999809,8.399999619,33404700,8.399999619
2/7/2019,43503,8.369999886,7.800000191,8.279999733,8.039999962,23198200,8.039999962
2/8/2019,43504,8,7.28000021,8,7.670000076,21709300,7.670000076
2/11/2019,43507,7.769999981,7.380000114,7.670000076,7.460000038,9750700,7.460000038
2/12/2019,43508,7.570000172,7.139999866,7.349999905,7.440000057,13264100,7.440000057
2/13/2019,43509,7.679999828,7.389999866,7.519999981,7.489999771,10867800,7.489999771
2/14/2019,43510,7.78000021,7.420000076,7.699999809,7.480000019,14728300,7.480000019
2/15/2019,43511,7.639999866,7.260000229,7.550000191,7.409999847,15620200,7.409999847
2/19/2019,43515,7.429999828,7.210000038,7.400000095,7.260000229,9974700,7.260000229
2/20/2019,43516,7.769999981,7.260000229,7.260000229,7.619999886,21495700,7.619999886
2/21/2019,43517,7.730000019,7.429999828,7.699999809,7.639999866,8060100,7.639999866
2/22/2019,43518,8.220000267,7.75,7.920000076,8.170000076,26600400,8.170000076
2/25/2019,43521,9.090000153,8.600000381,9.039999962,9,52424200,9
2/26/2019,43522,10.64000034,8.819999695,9.159999847,9.789999962,106022600,9.789999962
2/27/2019,43523,10.25,9.329999924,10.14999962,9.850000381,53234300,9.850000381
2/28/2019,43524,9.930000305,9.460000038,9.850000381,9.569999695,26506000,9.569999695
3/1/2019,43525,10.19999981,9.729999542,9.819999695,10.06000042,32409400,10.06000042
3/4/2019,43528,10.36999989,9.149999619,10.31999969,9.779999733,43753300,9.779999733
3/5/2019,43529,10.63000011,9.699999809,9.800000191,10.15999985,53680800,10.15999985
3/6/2019,43530,8.720000267,8,8.260000229,8.010000229,73522700,8.010000229
3/7/2019,43531,7.949999809,7,7.809999943,7.090000153,52469600,7.090000153
3/8/2019,43532,7.199999809,6.849999905,7.019999981,7.059999943,32040600,7.059999943
3/11/2019,43535,6.980000019,6.550000191,6.949999809,6.590000153,62544500,6.590000153
3/12/2019,43536,6.639999866,6.369999886,6.619999886,6.389999866,41616000,6.389999866
3/13/2019,43537,6.769999981,6.239999771,6.320000172,6.53000021,41727200,6.53000021
3/14/2019,43538,6.639999866,6,6.630000114,6.03000021,58983400,6.03000021
3/15/2019,43539,6.130000114,5.710000038,6.119999886,5.710000038,85777000,5.710000038
3/18/2019,43542,5.949999809,5.440000057,5.690000057,5.75,76506100,5.75
3/19/2019,43543,6.03000021,5.730000019,5.75,5.960000038,54509200,5.960000038
3/20/2019,43544,6.03000021,5.710000038,6.019999981,5.849999905,39053700,5.849999905
3/21/2019,43545,5.949999809,5.739999771,5.75,5.840000153,21368900,5.840000153
3/22/2019,43546,5.869999886,5.599999905,5.800000191,5.619999886,24956500,5.619999886
3/25/2019,43549,5.659999847,5.269999981,5.619999886,5.349999905,38993300,5.349999905
3/26/2019,43550,5.21999979,4.900000095,5.199999809,4.960000038,67206300,4.960000038
3/27/2019,43551,5.190000057,4.960000038,5.010000229,4.980000019,39753400,4.980000019
3/28/2019,43552,5.170000076,4.929999828,5.039999962,5.010000229,29281400,5.010000229
3/29/2019,43553,5.130000114,5.03000021,5.059999943,5.099999905,23595900,5.099999905
4/1/2019,43556,5.400000095,5.139999866,5.289999962,5.210000038,32404600,5.210000038
4/2/2019,43557,5.610000134,5.349999905,5.429999828,5.389999866,55814800,5.389999866
4/3/2019,43558,5.579999924,5.230000019,5.550000191,5.309999943,35197400,5.309999943
4/4/2019,43559,5.5,5.269999981,5.389999866,5.349999905,31696600,5.349999905
4/5/2019,43560,5.400000095,5.309999943,5.369999886,5.360000134,18093400,5.360000134
4/8/2019,43563,5.380000114,5.25,5.329999924,5.300000191,17349800,5.300000191
4/9/2019,43564,5.28000021,5.059999943,5.28000021,5.079999924,32590100,5.079999924
4/10/2019,43565,5.110000134,4.960000038,5.059999943,5.050000191,25958700,5.050000191
4/11/2019,43566,5.090000153,4.96999979,5,5.010000229,17642600,5.010000229
4/12/2019,43567,5.059999943,4.949999809,5.03000021,4.989999771,15561300,4.989999771
4/15/2019,43570,5,4.71999979,4.989999771,4.75,27489100,4.75
4/16/2019,43571,4.809999943,4.429999828,4.800000191,4.449999809,46354500,4.449999809
4/17/2019,43572,4.71999979,4.510000229,4.610000134,4.590000153,30546400,4.590000153
4/18/2019,43573,4.920000076,4.440000057,4.53000021,4.789999962,31206500,4.789999962
4/22/2019,43577,4.809999943,4.619999886,4.739999771,4.78000021,12936700,4.78000021
4/23/2019,43578,4.920000076,4.730000019,4.820000172,4.829999924,15107000,4.829999924
4/24/2019,43579,5.010000229,4.75,4.789999962,5,20401300,5
4/25/2019,43580,5.150000095,4.849999905,5.010000229,4.900000095,21552800,4.900000095
4/26/2019,43581,4.929999828,4.769999981,4.849999905,4.920000076,11891300,4.920000076
4/29/2019,43584,5.050000191,4.869999886,4.889999866,4.980000019,15202800,4.980000019
4/30/2019,43585,5.079999924,4.800000191,4.980000019,4.849999905,14434600,4.849999905
5/1/2019,43586,4.849999905,4.679999828,4.840000153,4.679999828,13308300,4.679999828
5/2/2019,43587,4.75,4.570000172,4.739999771,4.71999979,14080400,4.71999979
5/3/2019,43588,5.110000134,4.730000019,4.730000019,5.019999981,25245500,5.019999981
5/6/2019,43591,4.880000114,4.690000057,4.71999979,4.880000114,16144400,4.880000114
5/7/2019,43592,4.920000076,4.760000229,4.809999943,4.840000153,11545700,4.840000153
5/8/2019,43593,4.809999943,4.559999943,4.789999962,4.570000172,20456900,4.570000172
5/9/2019,43594,4.699999809,4.510000229,4.539999962,4.599999905,15759700,4.599999905
5/10/2019,43595,4.659999847,4.510000229,4.599999905,4.559999943,17146500,4.559999943
5/13/2019,43598,4.5,4.300000191,4.5,4.329999924,21804500,4.329999924
5/14/2019,43599,4.670000076,4.409999847,4.46999979,4.670000076,27925700,4.670000076
5/15/2019,43600,4.75,4.53000021,4.590000153,4.710000038,14669000,4.710000038
5/16/2019,43601,4.849999905,4.610000134,4.650000095,4.659999847,16198000,4.659999847
5/17/2019,43602,4.699999809,4.420000076,4.579999924,4.420000076,19775700,4.420000076
5/20/2019,43605,4.400000095,4.110000134,4.380000114,4.25,23571700,4.25
5/21/2019,43606,4.449999809,4.25,4.349999905,4.289999962,23435300,4.289999962
5/22/2019,43607,4.300000191,4,4.25,4.050000191,35451300,4.050000191
5/23/2019,43608,4.03000021,3.829999924,3.960000038,3.930000067,27855500,3.930000067
5/24/2019,43609,4.050000191,3.809999943,3.980000019,3.859999895,26069400,3.859999895
5/28/2019,43613,4.139999866,3.880000114,4.119999886,4,114474400,4
5/29/2019,43614,3.900000095,3.599999905,3.890000105,3.609999895,41690400,3.609999895
5/30/2019,43615,3.549999952,3.109999895,3.549999952,3.24000001,55942200,3.24000001
5/31/2019,43616,3.150000095,3,3.069999933,3.049999952,39383300,3.049999952
6/3/2019,43619,3.059999943,2.74000001,2.980000019,2.960000038,51793000,2.960000038
6/4/2019,43620,3.109999895,2.970000029,3,3.039999962,30924000,3.039999962
6/5/2019,43621,3.089999914,2.75999999,3.069999933,2.829999924,38179100,2.829999924
6/6/2019,43622,2.900000095,2.539999962,2.900000095,2.650000095,54094300,2.650000095
6/7/2019,43623,2.809999943,2.549999952,2.640000105,2.75999999,31397900,2.75999999
6/10/2019,43626,2.819999933,2.589999914,2.75,2.630000114,35989100,2.630000114
6/11/2019,43627,2.670000076,2.549999952,2.670000076,2.609999895,33070100,2.609999895
6/12/2019,43628,2.619999886,2.5,2.619999886,2.549999952,30099500,2.549999952
6/13/2019,43629,2.619999886,2.5,2.549999952,2.519999981,21962600,2.519999981
6/14/2019,43630,2.450000048,2.349999905,2.440000057,2.420000076,27065700,2.420000076
6/17/2019,43633,2.529999971,2.349999905,2.390000105,2.460000038,20830100,2.460000038
6/18/2019,43634,2.710000038,2.450000048,2.519999981,2.529999971,50080800,2.529999971
6/19/2019,43635,2.839999914,2.559999943,2.670000076,2.74000001,43761900,2.74000001
6/20/2019,43636,3.049999952,2.799999952,2.869999886,2.829999924,55697200,2.829999924
6/21/2019,43637,2.900000095,2.569999933,2.880000114,2.640000105,49602400,2.640000105
6/24/2019,43640,2.690000057,2.50999999,2.609999895,2.640000105,22693900,2.640000105
6/25/2019,43641,2.660000086,2.549999952,2.640000105,2.599999905,16273100,2.599999905
6/26/2019,43642,2.730000019,2.539999962,2.640000105,2.549999952,20679300,2.549999952
6/27/2019,43643,2.619999886,2.440000057,2.50999999,2.599999905,27685600,2.599999905
6/28/2019,43644,2.630000114,2.50999999,2.599999905,2.549999952,17640300,2.549999952
7/1/2019,43647,2.680000067,2.579999924,2.670000076,2.599999905,19462800,2.599999905
7/2/2019,43648,2.849999905,2.569999933,2.599999905,2.819999933,35317300,2.819999933
7/3/2019,43649,3.289999962,2.900000095,2.930000067,3.130000114,75342400,3.130000114
7/5/2019,43651,3.339999914,3.150000095,3.309999943,3.25999999,35914600,3.25999999
7/8/2019,43654,3.5,3.130000114,3.210000038,3.49000001,40424000,3.49000001
7/9/2019,43655,3.900000095,3.420000076,3.579999924,3.690000057,87406100,3.690000057
7/10/2019,43656,4,3.599999905,3.950000048,3.680000067,85126100,3.680000067
7/11/2019,43657,3.680000067,3.319999933,3.640000105,3.420000076,57070300,3.420000076
7/12/2019,43658,3.640000105,3.319999933,3.339999914,3.450000048,39432200,3.450000048
7/15/2019,43661,3.519999981,3.339999914,3.49000001,3.390000105,19833100,3.390000105
7/16/2019,43662,3.450000048,3.25999999,3.400000095,3.299999952,25764600,3.299999952
7/17/2019,43663,3.519999981,3.25,3.279999971,3.440000057,26705000,3.440000057
7/18/2019,43664,3.5,3.309999943,3.470000029,3.430000067,17544400,3.430000067
7/19/2019,43665,3.480000019,3.359999895,3.430000067,3.369999886,13784300,3.369999886
7/22/2019,43668,3.450000048,3.309999943,3.380000114,3.380000114,12376900,3.380000114
7/23/2019,43669,3.49000001,3.369999886,3.430000067,3.460000038,12462000,3.460000038
7/24/2019,43670,3.75,3.440000057,3.450000048,3.670000076,38844800,3.670000076
7/25/2019,43671,3.720000029,3.5,3.680000067,3.5,26513300,3.5
7/26/2019,43672,3.619999886,3.5,3.559999943,3.50999999,15606300,3.50999999
7/29/2019,43675,3.579999924,3.319999933,3.549999952,3.460000038,25890700,3.460000038
7/30/2019,43676,3.440000057,3.349999905,3.430000067,3.380000114,14127900,3.380000114
7/31/2019,43677,3.529999971,3.359999895,3.380000114,3.470000029,19917200,3.470000029
8/1/2019,43678,3.50999999,3.200000048,3.450000048,3.279999971,28758400,3.279999971
8/2/2019,43679,3.329999924,3.160000086,3.210000038,3.269999981,17211300,3.269999981
8/5/2019,43682,3.140000105,2.849999905,3.140000105,2.950000048,38736200,2.950000048
8/6/2019,43683,3.140000105,3,3.089999914,3.079999924,23455700,3.079999924
8/7/2019,43684,3.089999914,2.930000067,3.039999962,3.089999914,18090400,3.089999914
8/8/2019,43685,3.25999999,3.109999895,3.130000114,3.170000076,20999800,3.170000076
8/9/2019,43686,3.180000067,3.099999905,3.099999905,3.130000114,10610000,3.130000114
8/12/2019,43689,3.109999895,2.960000038,3.049999952,3.049999952,13991200,3.049999952
8/13/2019,43690,3.200000048,3,3,3.150000095,18541900,3.150000095
8/14/2019,43691,3.079999924,2.880000114,3.079999924,2.900000095,28205900,2.900000095
8/15/2019,43692,2.99000001,2.769999981,2.99000001,2.819999933,15736000,2.819999933
8/16/2019,43693,3.00999999,2.859999895,2.890000105,2.950000048,15884200,2.950000048
8/19/2019,43696,3.099999905,3,3,3,13657100,3
8/20/2019,43697,3.210000038,3,3.059999943,3.160000086,16688200,3.160000086
8/21/2019,43698,3.269999981,3.019999981,3.230000019,3.049999952,21513600,3.049999952
8/22/2019,43699,3.089999914,3.00999999,3.059999943,3.019999981,12404300,3.019999981
8/23/2019,43700,3.039999962,2.890000105,2.970000029,2.920000076,13584500,2.920000076
8/26/2019,43703,2.950000048,2.829999924,2.950000048,2.900000095,14119000,2.900000095
8/27/2019,43704,3,2.829999924,2.920000076,2.910000086,20392000,2.910000086
8/28/2019,43705,2.920000076,2.829999924,2.900000095,2.839999914,10478000,2.839999914
8/29/2019,43706,2.930000067,2.849999905,2.910000086,2.849999905,12325800,2.849999905
8/30/2019,43707,2.910000086,2.839999914,2.900000095,2.859999895,8155400,2.859999895
9/3/2019,43711,2.829999924,2.579999924,2.819999933,2.599999905,26854400,2.599999905
9/4/2019,43712,2.75,2.640000105,2.700000048,2.75,15177900,2.75
9/5/2019,43713,3,2.799999952,2.809999943,2.950000048,23244700,2.950000048
9/6/2019,43714,3,2.869999886,2.99000001,2.980000019,14509300,2.980000019
9/9/2019,43717,3.140000105,2.930000067,3,3.140000105,17386300,3.140000105
9/10/2019,43718,3.329999924,3.069999933,3.130000114,3.319999933,20848800,3.319999933
9/11/2019,43719,3.329999924,3.160000086,3.279999971,3.269999981,13619900,3.269999981
9/12/2019,43720,3.269999981,3.099999905,3.24000001,3.190000057,10957800,3.190000057
9/13/2019,43721,3.269999981,3.150000095,3.220000029,3.210000038,8371700,3.210000038
9/16/2019,43724,3.210000038,3.089999914,3.150000095,3.119999886,12374900,3.119999886
9/17/2019,43725,3.180000067,3,3.109999895,3.180000067,12905800,3.180000067
9/18/2019,43726,3.210000038,3.029999971,3.210000038,3.079999924,12519200,3.079999924
9/19/2019,43727,3.160000086,3.079999924,3.119999886,3.099999905,8733200,3.099999905
9/20/2019,43728,3.160000086,3.019999981,3.140000105,3.039999962,11999300,3.039999962
9/23/2019,43731,2.980000019,2.710000038,2.980000019,2.720000029,40356100,2.720000029
9/24/2019,43732,2.24000001,1.970000029,2.220000029,2.170000076,122194400,2.170000076
9/25/2019,43733,2.150000095,2.019999981,2.150000095,2.049999952,38938700,2.049999952
9/26/2019,43734,2.059999943,1.899999976,2.049999952,1.960000038,50967800,1.960000038
9/27/2019,43735,2,1.710000038,1.940000057,1.75,59824600,1.75
9/30/2019,43738,1.730000019,1.529999971,1.720000029,1.559999943,58815600,1.559999943
10/1/2019,43739,1.50999999,1.220000029,1.50999999,1.320000052,88123600,1.320000052
10/2/2019,43740,1.649999976,1.190000057,1.190000057,1.590000033,98992700,1.590000033
10/3/2019,43741,1.700000048,1.429999948,1.590000033,1.639999986,58630100,1.639999986
10/4/2019,43742,1.690000057,1.559999943,1.600000024,1.620000005,25240300,1.620000005
10/7/2019,43745,1.590000033,1.450000048,1.580000043,1.549999952,26893500,1.549999952
10/8/2019,43746,1.799999952,1.659999967,1.730000019,1.700000048,47085000,1.700000048
10/9/2019,43747,1.75999999,1.580000043,1.75,1.639999986,35848200,1.639999986
10/10/2019,43748,1.639999986,1.5,1.639999986,1.529999971,33950800,1.529999971
10/11/2019,43749,1.590000033,1.5,1.549999952,1.559999943,25648800,1.559999943
10/14/2019,43752,1.570000052,1.519999981,1.559999943,1.529999971,12534600,1.529999971
10/15/2019,43753,1.639999986,1.539999962,1.629999995,1.549999952,25901200,1.549999952
10/16/2019,43754,1.519999981,1.399999976,1.460000038,1.460000038,40687000,1.460000038
10/17/2019,43755,1.5,1.419999957,1.460000038,1.460000038,18373300,1.460000038
10/18/2019,43756,1.549999952,1.440000057,1.450000048,1.519999981,21393400,1.519999981
10/21/2019,43759,1.769999981,1.49000001,1.519999981,1.690000057,40155200,1.690000057
10/22/2019,43760,1.769999981,1.519999981,1.700000048,1.580000043,38944000,1.580000043
10/23/2019,43761,1.600000024,1.519999981,1.580000043,1.529999971,12246400,1.529999971
10/24/2019,43762,1.600000024,1.529999971,1.570000052,1.539999962,21567700,1.539999962
10/25/2019,43763,1.559999943,1.5,1.539999962,1.50999999,20444900,1.50999999
10/28/2019,43766,1.5,1.379999995,1.429999948,1.480000019,32675500,1.480000019
10/29/2019,43767,1.450000048,1.389999986,1.450000048,1.389999986,22312000,1.389999986
10/30/2019,43768,1.450000048,1.360000014,1.419999957,1.429999948,20769100,1.429999948
10/31/2019,43769,1.539999962,1.440000057,1.470000029,1.450000048,22381000,1.450000048
11/1/2019,43770,1.549999952,1.49000001,1.49000001,1.519999981,17957200,1.519999981
11/4/2019,43773,1.899999976,1.580000043,1.649999976,1.710000038,61083000,1.710000038
11/5/2019,43774,2.380000114,1.799999952,1.879999995,2.339999914,183556700,2.339999914
11/6/2019,43775,2.460000038,1.960000038,2.460000038,2.029999971,113933700,2.029999971
11/7/2019,43776,2.200000048,2.049999952,2.109999895,2.069999933,39411800,2.069999933
11/8/2019,43777,2.130000114,1.940000057,2.130000114,1.980000019,38341600,1.980000019
11/11/2019,43780,1.960000038,1.779999971,1.899999976,1.860000014,34228400,1.860000014
11/12/2019,43781,2.049999952,1.830000043,1.899999976,1.940000057,27818000,1.940000057
11/13/2019,43782,1.99000001,1.850000024,1.899999976,1.899999976,24969400,1.899999976
11/14/2019,43783,1.889999986,1.659999967,1.860000014,1.75,46683200,1.75
11/15/2019,43784,1.840000033,1.659999967,1.75,1.799999952,32003800,1.799999952
11/18/2019,43787,1.899999976,1.730000019,1.879999995,1.799999952,25996000,1.799999952
11/19/2019,43788,1.889999986,1.779999971,1.779999971,1.830000043,26780800,1.830000043
11/20/2019,43789,1.870000005,1.769999981,1.850000024,1.840000033,20728500,1.840000033
11/21/2019,43790,2.039999962,1.820000052,1.870000005,1.980000019,41394200,1.980000019
11/22/2019,43791,2.049999952,1.879999995,2.039999962,1.940000057,25152300,1.940000057
11/25/2019,43794,2.119999886,1.960000038,1.99000001,2.049999952,36836400,2.049999952
11/26/2019,43795,2.289999962,2.119999886,2.119999886,2.279999971,55122700,2.279999971
11/27/2019,43796,2.5,2.279999971,2.319999933,2.460000038,77368600,2.460000038
11/29/2019,43798,2.359999895,2.200000048,2.359999895,2.269999981,32640300,2.269999981
12/2/2019,43801,2.440000057,2.299999952,2.349999905,2.440000057,32677500,2.440000057
12/3/2019,43802,2.480000019,2.25,2.309999943,2.400000095,37865200,2.400000095
12/4/2019,43803,2.579999924,2.410000086,2.420000076,2.420000076,46792900,2.420000076
12/5/2019,43804,2.569999933,2.25,2.529999971,2.269999981,53235200,2.269999981
12/6/2019,43805,2.339999914,2.200000048,2.319999933,2.25999999,31931900,2.25999999
12/9/2019,43808,2.25,2.109999895,2.210000038,2.220000029,31542900,2.220000029
12/10/2019,43809,2.279999971,2.140000105,2.200000048,2.269999981,25220200,2.269999981
12/11/2019,43810,2.319999933,2.230000019,2.25999999,2.25999999,20342900,2.25999999
12/12/2019,43811,2.329999924,2.25999999,2.299999952,2.269999981,22457900,2.269999981
12/13/2019,43812,2.430000067,2.289999962,2.309999943,2.390000105,37228900,2.390000105
12/16/2019,43815,2.549999952,2.390000105,2.440000057,2.480000019,36916800,2.480000019
12/17/2019,43816,2.630000114,2.5,2.539999962,2.589999914,45654500,2.589999914
12/18/2019,43817,2.670000076,2.539999962,2.579999924,2.630000114,31811100,2.630000114
12/19/2019,43818,2.730000019,2.609999895,2.690000057,2.619999886,36301300,2.619999886
12/20/2019,43819,2.720000029,2.630000114,2.650000095,2.690000057,50971500,2.690000057
12/23/2019,43822,2.75999999,2.650000095,2.74000001,2.670000076,28571900,2.670000076
12/24/2019,43823,2.630000114,2.450000048,2.630000114,2.529999971,32029800,2.529999971
12/26/2019,43825,2.519999981,2.349999905,2.450000048,2.50999999,44173700,2.50999999
12/27/2019,43826,2.549999952,2.410000086,2.539999962,2.420000076,37553300,2.420000076
12/30/2019,43829,4.869999886,2.880000114,2.920000076,3.720000029,432720700,3.720000029
12/31/2019,43830,4.420000076,3.819999933,4.150000095,4.019999981,215008600,4.019999981
1/2/2020,43832,4.099999905,3.609999895,4.099999905,3.720000029,103740100,3.720000029
1/3/2020,43833,3.900000095,3.480000019,3.5,3.829999924,82892400,3.829999924
1/6/2020,43836,4.239999771,3.660000086,4.190000057,3.680000067,106619700,3.680000067
1/7/2020,43837,3.730000019,3.210000038,3.700000048,3.24000001,106336400,3.24000001
1/8/2020,43838,3.49000001,3.130000114,3.140000105,3.390000105,65118100,3.390000105
1/9/2020,43839,3.579999924,3.329999924,3.440000057,3.460000038,54644200,3.460000038
1/10/2020,43840,3.579999924,3.400000095,3.49000001,3.50999999,35626700,3.50999999
1/13/2020,43843,3.730000019,3.519999981,3.710000038,3.700000048,59752700,3.700000048
1/14/2020,43844,3.819999933,3.609999895,3.700000048,3.75999999,55194000,3.75999999
1/15/2020,43845,4.480000019,4,4.190000057,4.289999962,236357900,4.289999962
1/16/2020,43846,4.400000095,3.910000086,3.99000001,4.369999886,97941700,4.369999886
1/17/2020,43847,4.710000038,4.460000038,4.510000229,4.670000076,109601300,4.670000076
1/21/2020,43851,5.289999962,4.519999981,4.599999905,5.170000076,181423600,5.170000076
1/22/2020,43852,5.650000095,4.690000057,5.420000076,4.789999962,207132700,4.789999962
1/23/2020,43853,4.949999809,4.309999943,4.570000172,4.920000076,102535300,4.920000076
1/24/2020,43854,5.059999943,4.510000229,5,4.659999847,65538000,4.659999847
1/27/2020,43857,4.349999905,3.839999914,3.99000001,4.010000229,102028700,4.010000229
1/28/2020,43858,4.269999981,4.03000021,4.25,4.210000038,48979100,4.210000038
1/29/2020,43859,4.329999924,4.019999981,4.230000019,4.269999981,53844300,4.269999981
1/30/2020,43860,4.380000114,4.010000229,4.239999771,4.079999924,75009800,4.079999924
1/31/2020,43861,4.039999962,3.670000076,4.019999981,3.779999971,77923200,3.779999971
2/3/2020,43864,4.110000134,3.519999981,3.539999962,4.059999943,73783600,4.059999943
2/4/2020,43865,4.699999809,4.159999847,4.289999962,4.510000229,123640400,4.510000229
2/5/2020,43866,4.480000019,4.130000114,4.369999886,4.389999866,73632500,4.389999866
2/6/2020,43867,4.329999924,4.050000191,4.199999809,4.079999924,75641200,4.079999924
2/7/2020,43868,4.019999981,3.74000001,4.019999981,3.809999943,80780700,3.809999943
2/10/2020,43871,3.910000086,3.619999886,3.670000076,3.869999886,67157700,3.869999886
2/11/2020,43872,4.050000191,3.799999952,3.829999924,3.960000038,54097100,3.960000038
2/12/2020,43873,4.199999809,3.980000019,4,4.070000172,50975300,4.070000172
2/13/2020,43874,4.050000191,3.859999895,3.950000048,4.03000021,42411200,4.03000021
2/14/2020,43875,4.039999962,3.75,4.019999981,3.769999981,69655600,3.769999981
2/18/2020,43879,3.980000019,3.75999999,3.900000095,3.799999952,47700900,3.799999952
2/19/2020,43880,4.099999905,3.859999895,3.930000067,4.079999924,73256300,4.079999924
2/20/2020,43881,4.400000095,4.010000229,4.099999905,4.260000229,86873500,4.260000229
2/21/2020,43882,4.199999809,4.019999981,4.199999809,4.079999924,40425900,4.079999924
2/24/2020,43885,3.940000057,3.75999999,3.789999962,3.880000114,56247100,3.880000114
2/25/2020,43886,5.190000057,4.239999771,5.179999828,4.400000095,206259400,4.400000095
2/26/2020,43887,4.710000038,4.300000191,4.5,4.340000153,69558500,4.340000153
2/27/2020,43888,4.300000191,3.920000076,4.090000153,4.139999866,77846700,4.139999866
2/28/2020,43889,4.139999866,3.869999886,3.960000038,4.130000114,63635600,4.130000114
3/2/2020,43892,4.190000057,3.900000095,4.150000095,4.110000134,56063200,4.110000134
3/3/2020,43893,4.210000038,3.950000048,4.079999924,4.059999943,47644500,4.059999943
3/4/2020,43894,4.070000172,3.769999981,4.03000021,3.869999886,49465800,3.869999886
3/5/2020,43895,3.890000105,3.680000067,3.779999971,3.720000029,72697800,3.720000029
3/6/2020,43896,3.660000086,3.420000076,3.619999886,3.549999952,61238100,3.549999952
3/9/2020,43899,3.539999962,2.99000001,3.00999999,3.289999962,55305300,3.289999962
3/10/2020,43900,3.539999962,3.289999962,3.49000001,3.5,34928400,3.5
3/11/2020,43901,3.529999971,3.25999999,3.400000095,3.319999933,31099400,3.319999933
3/12/2020,43902,3.230000019,2.980000019,3.059999943,3.130000114,52438300,3.130000114
3/13/2020,43903,3.329999924,2.99000001,3.279999971,3.109999895,41770400,3.109999895
3/16/2020,43906,3.109999895,2.75,2.869999886,2.940000057,41266200,2.940000057
3/17/2020,43907,3.119999886,2.789999962,2.970000029,2.900000095,34862200,2.900000095
3/18/2020,43908,2.579999924,2.109999895,2.400000095,2.430000067,94431900,2.430000067
3/19/2020,43909,2.549999952,2.230000019,2.299999952,2.380000114,35499000,2.380000114
3/20/2020,43910,2.640000105,2.349999905,2.49000001,2.400000095,50528400,2.400000095
3/23/2020,43913,2.369999886,2.150000095,2.339999914,2.369999886,47435200,2.369999886
3/24/2020,43914,2.75,2.400000095,2.549999952,2.599999905,64750100,2.599999905
3/25/2020,43915,2.99000001,2.599999905,2.720000029,2.75999999,56588300,2.75999999
3/26/2020,43916,3.069999933,2.779999971,2.809999943,2.930000067,43579400,2.930000067
3/27/2020,43917,2.890000105,2.75999999,2.849999905,2.839999914,25132000,2.839999914
3/30/2020,43920,2.829999924,2.700000048,2.809999943,2.710000038,20115300,2.710000038
3/31/2020,43921,2.880000114,2.680000067,2.829999924,2.779999971,30261400,2.779999971
4/1/2020,43922,2.75999999,2.599999905,2.630000114,2.650000095,17153800,2.650000095
4/2/2020,43923,2.589999914,2.220000029,2.50999999,2.390000105,58942700,2.390000105
4/3/2020,43924,2.49000001,2.329999924,2.450000048,2.400000095,19519500,2.400000095
4/6/2020,43927,2.549999952,2.400000095,2.480000019,2.470000029,34866700,2.470000029
4/7/2020,43928,2.809999943,2.650000095,2.809999943,2.700000048,46149600,2.700000048
4/8/2020,43929,2.799999952,2.710000038,2.75999999,2.74000001,18312900,2.74000001
4/9/2020,43930,2.819999933,2.630000114,2.819999933,2.670000076,32810000,2.670000076
4/13/2020,43934,2.970000029,2.630000114,2.670000076,2.970000029,38421700,2.970000029
4/14/2020,43935,3.160000086,2.920000076,3.150000095,3.00999999,36479000,3.00999999
4/15/2020,43936,3.200000048,2.880000114,2.950000048,3.200000048,27529800,3.200000048
4/16/2020,43937,3.410000086,3.200000048,3.299999952,3.25,37801700,3.25
4/17/2020,43938,3.359999895,3.150000095,3.359999895,3.210000038,22831800,3.210000038
4/20/2020,43941,3.349999905,3.049999952,3.180000067,3.190000057,18691700,3.190000057
4/21/2020,43942,3.220000029,3.00999999,3.099999905,3.019999981,19789700,3.019999981
4/22/2020,43943,3.150000095,3.049999952,3.089999914,3.089999914,14494000,3.089999914
4/23/2020,43944,3.200000048,3.049999952,3.200000048,3.059999943,17434200,3.059999943
4/24/2020,43945,3.099999905,2.910000086,3.079999924,2.940000057,22069700,2.940000057
4/27/2020,43948,3.25999999,2.950000048,3,3.24000001,35641100,3.24000001
4/28/2020,43949,3.450000048,3.200000048,3.400000095,3.339999914,36326800,3.339999914
4/29/2020,43950,3.980000019,3.589999914,3.829999924,3.609999895,89238800,3.609999895
4/30/2020,43951,3.720000029,3.369999886,3.630000114,3.410000086,44540400,3.410000086
5/1/2020,43952,3.329999924,3.119999886,3.299999952,3.180000067,31268900,3.180000067
5/4/2020,43955,3.359999895,3.079999924,3.079999924,3.339999914,23387500,3.339999914
5/5/2020,43956,3.480000019,3.279999971,3.440000057,3.279999971,22315800,3.279999971
5/6/2020,43957,3.650000095,3.450000048,3.589999914,3.619999886,54347800,3.619999886
5/7/2020,43958,3.670000076,3.519999981,3.630000114,3.630000114,26736700,3.630000114
5/8/2020,43959,3.799999952,3.599999905,3.680000067,3.769999981,27638000,3.769999981
5/11/2020,43962,3.769999981,3.660000086,3.720000029,3.74000001,16585600,3.74000001
5/12/2020,43963,3.779999971,3.609999895,3.74000001,3.619999886,21943800,3.619999886
5/13/2020,43964,3.680000067,3.319999933,3.640000105,3.440000057,34034700,3.440000057
5/14/2020,43965,3.519999981,3.269999981,3.329999924,3.450000048,20936400,3.450000048
5/15/2020,43966,3.450000048,3.359999895,3.369999886,3.369999886,13699000,3.369999886
5/18/2020,43969,3.690000057,3.5,3.5,3.609999895,27771300,3.609999895
5/19/2020,43970,3.75,3.589999914,3.619999886,3.690000057,21707400,3.690000057
5/20/2020,43971,3.819999933,3.400000095,3.75999999,3.480000019,52056900,3.480000019
5/21/2020,43972,3.440000057,3.230000019,3.400000095,3.329999924,41628400,3.329999924
5/22/2020,43973,3.339999914,3.180000067,3.329999924,3.269999981,22887300,3.269999981
5/26/2020,43977,3.829999924,3.400000095,3.420000076,3.819999933,59847900,3.819999933
5/27/2020,43978,4.199999809,3.900000095,4.010000229,4.170000076,70718900,4.170000076
5/28/2020,43979,4.119999886,3.75,3.980000019,3.829999924,62756900,3.829999924
5/29/2020,43980,4,3.730000019,3.819999933,3.980000019,50303000,3.980000019
6/1/2020,43983,4.329999924,3.960000038,4,4.260000229,69222000,4.260000229
6/2/2020,43984,4.730000019,4.349999905,4.360000134,4.699999809,82476600,4.699999809
6/3/2020,43985,5.699999809,4.980000019,5,5.599999905,199210000,5.599999905
6/4/2020,43986,6.199999809,5.610000134,6.010000229,5.96999979,173052600,5.96999979
6/5/2020,43987,6.079999924,5.519999981,6.03000021,5.590000153,90811800,5.590000153
6/8/2020,43990,6.079999924,5.679999828,5.809999943,5.96999979,85951600,5.96999979
6/9/2020,43991,6.829999924,5.760000229,5.840000153,6.679999828,136907900,6.679999828
6/10/2020,43992,6.949999809,6.159999847,6.71999979,6.300000191,100170700,6.300000191
6/11/2020,43993,6.090000153,5.659999847,5.789999962,5.909999847,126509700,5.909999847
6/12/2020,43994,6.320000172,5.920000076,6.199999809,6.099999905,59838800,6.099999905
6/15/2020,43997,6.989999771,5.920000076,5.96999979,6.829999924,113694400,6.829999924
6/16/2020,43998,7.440000057,6.53000021,7.429999828,6.989999771,130478600,6.989999771
6/17/2020,43999,6.980000019,6.670000076,6.929999828,6.840000153,58927300,6.840000153
6/18/2020,44000,7.360000134,6.78000021,6.800000191,7.179999828,78846400,7.179999828
6/19/2020,44001,7.630000114,7.230000019,7.360000134,7.340000153,84604200,7.340000153
6/22/2020,44004,7.900000095,7.380000114,7.860000134,7.429999828,112976000,7.429999828
6/23/2020,44005,7.690000057,7.190000057,7.550000191,7.230000019,79863500,7.230000019
6/24/2020,44006,7.079999924,6.5,6.929999828,6.860000134,103888600,6.860000134
6/25/2020,44007,7.150000095,6.599999905,6.659999847,7.079999924,46660300,7.079999924
6/26/2020,44008,7.179999828,6.800000191,7.03000021,6.900000095,33596800,6.900000095
6/29/2020,44011,7.25,6.710000038,6.980000019,7.230000019,46070400,7.230000019
6/30/2020,44012,7.75,7.119999886,7.210000038,7.71999979,84485500,7.71999979
7/1/2020,44013,7.989999771,7.670000076,7.789999962,7.909999847,64842600,7.909999847
7/2/2020,44014,9.399999619,8.699999809,9.050000191,9.380000114,221496700,9.380000114
7/6/2020,44018,12.30000019,10.93000031,11.05000019,11.51000023,329223800,11.51000023
7/7/2020,44019,13.77000046,10.69999981,11.26000023,13.22000027,444070500,13.22000027
7/8/2020,44020,15.27999973,12,14.10000038,12.88000011,570911400,12.88000011
7/9/2020,44021,14.63000011,13.06999969,13.5,14.56999969,316792000,14.56999969
7/10/2020,44022,15.72999954,14.19999981,15.60999966,14.97999954,318851300,14.97999954
7/13/2020,44025,16.44000053,13.60999966,15.26000023,13.84000015,313460300,13.84000015
7/14/2020,44026,14.13000011,12.42000008,13.25,14.09000015,196123200,14.09000015
7/15/2020,44027,13.94999981,12.85000038,13.81999969,13.52000046,114603700,13.52000046
7/16/2020,44028,13.15999985,12.44999981,12.46000004,12.93999958,134606300,12.93999958
7/17/2020,44029,12.06999969,10.46000004,11.85999966,11.09000015,289518000,11.09000015
7/20/2020,44032,12.84000015,11.38000011,11.42000008,12.81999969,155428100,12.81999969
7/21/2020,44033,13.57999992,12.61999989,13.44999981,12.88000011,128036000,12.88000011
7/22/2020,44034,12.82999992,11.81000042,12.38000011,12.38000011,112260500,12.38000011
7/23/2020,44035,12.63000011,11.85000038,12.59000015,12.14999962,95206300,12.14999962
7/24/2020,44036,11.89999962,10.90999985,11.38000011,11.81999969,93425300,11.81999969
7/27/2020,44039,12.09000015,11.27000046,12.02999973,11.68999958,64068500,11.68999958
7/28/2020,44040,12.64000034,11.38000011,11.47999954,12.27000046,90075800,12.27000046
7/29/2020,44041,13,12.43000031,12.64999962,12.69999981,69552600,12.69999981
7/30/2020,44042,12.94999981,12.06999969,12.61999989,12.19999981,64952900,12.19999981
7/31/2020,44043,12.59000015,11.72999954,12.40999985,11.93999958,61620400,11.93999958
8/3/2020,44046,13.67000008,12.46000004,12.52999973,13.60000038,122925300,13.60000038
8/4/2020,44047,14.52999973,13.22000027,14.46000004,13.64000034,125731400,13.64000034
8/5/2020,44048,14.07999992,13.36999989,13.40999985,13.92000008,60046000,13.92000008
8/6/2020,44049,14.31000042,13.52000046,14.10000038,13.84000015,49787700,13.84000015
8/7/2020,44050,13.72999954,13.19999981,13.53999996,13.42000008,57746000,13.42000008
8/10/2020,44053,14.42000008,13.68000031,13.93999958,14.21000004,84267300,14.21000004
8/11/2020,44054,15.44999981,12.93999958,15.30000019,12.98999977,181311500,12.98999977
8/12/2020,44055,13.44999981,12.67000008,13.36999989,13.35999966,77260200,13.35999966
8/13/2020,44056,13.64000034,13.17000008,13.44999981,13.35999966,50093500,13.35999966
8/14/2020,44057,13.18000031,12.53999996,13.18000031,13.10000038,63250700,13.10000038
8/17/2020,44060,14.05000019,13.06000042,13.06999969,14.05000019,78340500,14.05000019
8/18/2020,44061,14.68999958,13.86999989,14.22999954,14.30000019,69962400,14.30000019
8/19/2020,44062,14.40999985,13.85000038,14.28999996,14.06000042,41966800,14.06000042
8/20/2020,44063,14.05000019,13.52999973,13.85000038,13.77999973,50072800,13.77999973
8/21/2020,44064,14.57999992,13.61999989,13.64000034,14.11999989,70189900,14.11999989
8/24/2020,44067,14.97999954,14.31000042,14.63000011,14.97000027,98697700,14.97000027
8/25/2020,44068,17.87000084,15.06000042,15.07999992,17.84000015,299047800,17.84000015
8/26/2020,44069,20.96999931,18.55999947,19.01000023,20.44000053,364104600,20.44000053
8/27/2020,44070,20.46999931,18.76000023,19.98999977,19.87999916,199850300,19.87999916
8/28/2020,44071,19.44000053,18.11000061,18.87000084,18.5,154799800,18.5
8/31/2020,44074,19.82999992,16.81999969,17.19000053,19.03000069,226610900,19.03000069
9/1/2020,44075,20.37999916,18.75,19.45000076,20.12000084,137226000,20.12000084
9/2/2020,44076,21.04999924,18.5,20.92000008,19.89999962,153460600,19.89999962
9/3/2020,44077,19.84000015,18.35000038,19.09000015,18.70000076,128358400,18.70000076
9/4/2020,44078,19.18000031,15.60999966,18.54000092,17.97999954,163329800,17.97999954
9/8/2020,44082,17.86000061,16.51000023,17.17000008,17.03000069,89624600,17.03000069
9/9/2020,44083,18.62999916,17.70000076,17.89999962,18.09000015,90988400,18.09000015
9/10/2020,44084,18.71999931,17.48999977,18.48999977,17.73999977,79679800,17.73999977
9/11/2020,44085,18.10000038,17.45000076,18,17.96999931,55373500,17.96999931
9/14/2020,44088,18.78000069,17.89999962,18.18000031,18.72999954,68234900,18.72999954
9/15/2020,44089,20.25,18.87999916,19.10000038,19.19000053,111630500,19.19000053
9/16/2020,44090,19.54000092,18.52000046,19.27000046,19.01000023,57671000,19.01000023
9/17/2020,44091,19.32999992,18.07999992,18.26000023,19.29999924,55186600,19.29999924
9/18/2020,44092,19.87999916,18.94000053,19.71999931,19.40999985,54885500,19.40999985
9/21/2020,44095,19.27000046,17.65999985,19.04999924,18.80999947,75969500,18.80999947
9/22/2020,44096,19.45000076,18.37000084,18.47999954,19.22999954,61061100,19.22999954
9/23/2020,44097,19.36000061,17.79999924,19.21999931,17.95999908,70568100,17.95999908
9/24/2020,44098,18.38999939,16.75,17.31999969,17.85000038,71069500,17.85000038
9/25/2020,44099,18.62000084,17.95000076,18.02000046,18.31999969,44122100,18.31999969
9/28/2020,44102,19.15999985,18.43000031,18.87999916,18.80999947,42786200,18.80999947
9/29/2020,44103,21.12000084,18.70999908,18.76000023,20.85000038,163159200,20.85000038
9/30/2020,44104,22.59000015,20.76000023,21.71999931,21.21999931,183530500,21.21999931
10/1/2020,44105,21.95999908,20.82999992,21.68000031,21.76000023,79117100,21.76000023
10/2/2020,44106,22.20000076,20.79999924,20.82999992,21.18000031,92713600,21.18000031
10/5/2020,44109,21.92000008,21.06999969,21.65999985,21.59000015,60860100,21.59000015
10/6/2020,44110,21.94000053,20.60000038,21.70999908,20.67000008,73217100,20.67000008
10/7/2020,44111,21.77000046,20.79000092,21.05999947,21.55999947,59354300,21.55999947
10/8/2020,44112,22.45000076,21.29000092,22.04999924,21.44000053,77719600,21.44000053
10/9/2020,44113,21.73999977,21.31999969,21.62000084,21.46999931,37329000,21.46999931
10/12/2020,44116,22.18000031,21.54999924,21.87999916,21.85000038,45476800,21.85000038
10/13/2020,44117,21.96999931,21.17000008,21.86000061,21.62000084,42581500,21.62000084
10/14/2020,44118,26.95999908,23.72999954,23.97999954,26.5,382663200,26.5
10/15/2020,44119,29.22999954,25.78000069,27.20000076,28.06999969,385210600,28.06999969
10/16/2020,44120,29.39999962,27.94000053,29.18000031,28.47999954,186764700,28.47999954
10/19/2020,44123,28.55999947,27.21999931,28.20999908,27.62999916,115708700,27.62999916
10/20/2020,44124,28.29999924,27.04999924,27.42000008,27.95999908,105233400,27.95999908
10/21/2020,44125,28.43000031,27.38999939,27.89999962,27.86000061,65357900,27.86000061
10/22/2020,44126,28.28000069,26.80999947,28.14999962,27.37999916,72173300,27.37999916
10/23/2020,44127,27.42000008,26.47999954,27.37000084,27.15999985,51784000,27.15999985
10/26/2020,44130,27.35000038,25.45999908,26.61000061,26.01000023,72610300,26.01000023
10/27/2020,44131,28.45999908,26.03000069,26.20999908,28.44000053,104257700,28.44000053
10/28/2020,44132,28.10000038,26.51000023,27.92000008,27.51000023,89374900,27.51000023
10/29/2020,44133,32.20000076,28.31999969,28.52000046,31.98999977,214034700,31.98999977
10/30/2020,44134,31.59000015,30.03000069,31.38999939,30.57999992,136607400,30.57999992
11/2/2020,44137,34.93999863,31.68000031,33.95000076,33.31999969,265719900,33.31999969
11/3/2020,44138,35.86999893,32.77999878,33.56999969,35.5,217608100,35.5
11/4/2020,44139,39.75,35.81999969,37.43999863,37.70999908,339385900,37.70999908
11/5/2020,44140,42.49000168,38.25,38.77999878,42.34999847,302472600,42.34999847
11/6/2020,44141,43.29999924,40.04999924,41.09000015,41.63000107,288784300,41.63000107
11/9/2020,44144,45.29000092,40.38000107,41.65000153,44.02000046,218733300,44.02000046
11/10/2020,44145,45.20000076,38.11000061,44.5,41.54999924,237403600,41.54999924
11/11/2020,44146,43.22999954,38.63999939,39.70999908,43.08000183,179581200,43.08000183
11/12/2020,44147,49.34999847,43.95000076,44.47999954,48.29999924,345932900,48.29999924
11/13/2020,44148,54.20000076,40.54999924,51.29000092,44.56000137,577185100,44.56000137
11/16/2020,44151,45.84999847,41.09999847,41.11999893,45.58000183,306209100,45.58000183
11/17/2020,44152,49.36999893,44.95999908,47.56999969,46.59000015,345578500,46.59000015
11/18/2020,44153,46.72000122,42.5,45.75,45.06000137,271678300,45.06000137
11/19/2020,44154,48.91999817,44.68000031,45.36000061,48.45000076,233779100,48.45000076
11/20/2020,44155,50.59000015,47.88000107,48.27000046,49.25,209106300,49.25
11/23/2020,44158,55.70000076,50.47999954,50.86000061,55.38000107,270203000,55.38000107
11/24/2020,44159,57.20000076,51.5,56.99000168,53.50999832,243669700,53.50999832
11/25/2020,44160,53.99000168,49.25,49.97999954,53.68999863,204508500,53.68999863
11/27/2020,44162,55.54999924,52.59999847,54.86000061,54,105795100,54
11/30/2020,44165,54.38999939,48.18000031,54.20999908,50.52999878,179765400,50.52999878
12/1/2020,44166,52.09999847,44.04999924,52.02000046,45.36000061,248227000,45.36000061
12/2/2020,44167,48,38.43000031,40.15999985,47.97999954,313028300,47.97999954
12/3/2020,44168,48.65000153,45.20999908,47.90000153,45.34999847,173424000,45.34999847
12/4/2020,44169,45.15999985,41.65000153,44.65999985,43.04000092,191969900,43.04000092
12/7/2020,44172,46.31999969,42.40999985,42.5,45.11000061,165048500,45.11000061
12/8/2020,44173,48.29999924,45.66999817,47.20999908,46.56000137,115799600,46.56000137
12/9/2020,44174,47.20000076,42.95999908,47.08000183,44.00999832,121387900,44.00999832
12/10/2020,44175,45.66999817,41.88999939,42.43999863,45.22000122,107376800,45.22000122
12/11/2020,44176,43.63000107,41.25999832,42.47999954,41.97999954,147076100,41.97999954
12/14/2020,44179,41.47999954,39.50999832,39.93999863,40.97999954,171598200,40.97999954
12/15/2020,44180,43.84000015,41.27000046,42.47000122,43.5,132336900,43.5
12/16/2020,44181,45.25999832,43.33000183,44.25,44.66999817,120109600,44.66999817
12/17/2020,44182,46.04999924,43.90000153,45.16999817,46,130003700,46
12/18/2020,44183,48,45.52000046,45.88999939,46.72000122,126251100,46.72000122
12/21/2020,44186,49.49000168,45.02000046,45.63000107,48.95000076,132558100,48.95000076
12/22/2020,44187,49.84000015,46.52999878,49.61000061,47.58000183,117118300,47.58000183
12/23/2020,44188,48.36000061,45.81000137,47.47999954,47.00999832,81247900,47.00999832
12/24/2020,44189,47.13000107,45.34999847,46.88000107,45.77000046,60582500,45.77000046
12/28/2020,44193,46.84999847,43.66999817,46.66999817,44.06000137,105078000,44.06000137
12/29/2020,44194,46.27999878,42.22999954,43.70000076,46.13999939,120689900,46.13999939
12/30/2020,44195,48.38000107,45.72000122,46.5,48.38000107,116691700,48.38000107
12/31/2020,44196,50.5,47.77000046,48.45999908,48.74000168,129124600,48.74000168
1/4/2021,44200,54.45000076,50.66999817,51.20000076,53.49000168,213109700,53.49000168
1/5/2021,44201,53.75,50.40000153,51.97000122,53.20000076,147474800,53.20000076
1/6/2021,44202,55.27999878,49.08000183,54.02000046,50.5,176397700,50.5
1/7/2021,44203,54.61000061,52.34999847,53.04999924,54.27999878,119429200,54.27999878
1/8/2021,44204,59.31000137,55.88000107,57.75999832,58.91999817,217792300,58.91999817
1/11/2021,44207,66.98999786,62.18999863,64.94999695,62.70000076,279770300,62.70000076
1/12/2021,44208,64.12999725,60.41999817,61.41999817,62.04000092,184854200,62.04000092
1/13/2021,44209,64.41000366,61.40999985,62.93999863,62.15000153,116059200,62.15000153
1/14/2021,44210,63.22999954,60.04000092,62.63000107,60.86999893,99338400,60.86999893
1/15/2021,44211,60.22000122,55.66999817,59.84000015,56.27000046,131783500,56.27000046
1/19/2021,44215,59.00999832,56.40999985,58.20999908,58.43999863,99561100,58.43999863
1/20/2021,44216,60.09000015,56.18999863,59.84999847,57.70999908,94983600,57.70999908
1/21/2021,44217,58.58000183,55.88000107,57.02000046,58.34000015,73119500,58.34000015
1/22/2021,44218,62.16999817,58.31999969,58.95000076,61.95000076,133550600,61.95000076
1/25/2021,44221,64.51999664,58.34999847,64.05000305,59.99000168,111986400,59.99000168
1/26/2021,44222,60.66999817,58.63999939,60.04000092,60.31000137,70393300,60.31000137
1/27/2021,44223,59.79000092,56.59999847,57.95000076,57.15000153,73078300,57.15000153
1/28/2021,44224,59.45999908,55.15000153,56.75999832,58.36999893,73955100,58.36999893
1/29/2021,44225,60.70999908,56.43999863,59.02999878,57,78678200,57
2/1/2021,44228,59.11999893,54.36999893,59.06999969,56.99000168,79878700,56.99000168
2/2/2021,44229,57.54000092,54.50999832,57.06000137,55.77000046,66234100,55.77000046
2/3/2021,44230,58.72000122,54.84000015,55.95999908,57.97999954,80122300,57.97999954
2/4/2021,44231,59.20000076,57.11000061,58.79000092,57.59999847,48497000,57.59999847
2/5/2021,44232,57.97999954,56.00999832,57.74000168,56.66159821,32580104,56.66159821
